phrase,type
4 in 1 microwave machine now in stock,formal
a pregnant woman delivered a healthy baby boy after she was shot leaving a church in far Northeast Dallas,formal
aaaaa I miss u so bad,slang
aaaaaah I'm so happy,slang
Amazon warehouse workers injured at higher rates than rival companies study finds,formal
an oasis of happiness amidst the chaos of a city,formal
and u don't believe me when I tell u hes a vampire,slang
anyone in the Oxnard Ventura area please be on the lookout for our friend,formal
anything was better than Trump tbh,slang
are you joining us to eliminate child labour and its worst forms,formal
as of tonight my team has sued 6 states to block new voter suppression laws,formal
awww so cute,slang
be less hyper this year,slang
Beastie Boys in concert at Glasgow Barrowlands in May 1987,formal
because you're afraid to even admit you're afraid,formal
can yal all log out I wanna be alone right now,slang
can you guys actually f off now,slang
cant come at people all up in arms all of a sudden and think that we aint smart enough to see through the hypocrisy,slang
Catto has been captured,formal
caught in 4k,slang
certified vaccine freak right here,slang
clear that positive tests are rising at the moment,formal
close not me btw,slang
congrats bro,slang
cus imma watch Love Jones no matter how bad I realized it is,slang
Dery we love you pls stay strong,slang
did something different today,formal
do not forget the revolution continue to oppose the military dictator,formal
do you think they don't fine white people,formal
dont preach to em today they dont wanna believe it,slang
dude how do people take such bomb pictures every single day,slang
I'm on,slang
every day more developers are accelerating app development with Azure,formal
the film opens with a wordless scene a vintage photograph of two men,formal
Filmfare has posted a total of 4 tweets about Sidharthshukla yesterday,formal
for example if its written in English while being Spanish obviously hes retarded,slang
for example the physio is 2x what I've paid to independent practitioners in the UK,formal
friends the surprise is coming,formal
from the river to the sea Palestine will be free,formal
good for you,formal
got split into 2 because it's too long for twitter,formal
guyysss I found where that legendary meme came from,slang
hahahahahahahhahahahshajsahhsahdsajdhajhajhahah,slang
handwritten letters mean so much to me u hv no idea,slang
happy 25th birthday to my one and only,slang
happy birthday bro hope you have a good one,slang
happy birthday Dineshkarthik god bless buddy,slang
happy birthday to youuuu,slang
have a good day love,formal
have a good day luv,slang
have a good time,formal
have you seen these people,formal
he deserves the world,formal
he does so much for us it makes me cry,formal
he got sick yesterday,formal
he has been gone for 37 years yet his image and his name still shakes the core of many,formal
he's so handsome without any effort,formal
health watchdogs are calling for staff in GP surgeries to be retrained in customer service skills,formal
hello honey how are you doing today,formal
hello stakeholders,formal
hey how yall doin,slang
hmm I am a bit red,slang
how to get better pictures of urban wildlife,formal
hundreds gathered monday for an interfaith service dedicating a prayer wall outside a historic church in Tulsa,formal
I will be planning when and how ima cut someone off,slang
I did that when I got a new phone,formal
I don't know what counts as indie anymore so imma just list some phenomenal puzzle games,slang
I feel like this was made specifically for me considering I have this framed on my wall 13 years later,formal
I got sick,formal
I got watched as I sat in my chair and she made me feel weird bc she asked me so many times I was like do I look sick,slang
I gotta get likes,slang
I hate having no energy,formal
I have never seen that man,formal
I have no words,formal
I hope other players withdraw in solidarity with Naomi Osaka,formal
I just made that earlier,formal
I just wanna give him a hug and tell him that he is so appreciated,slang
I kind of love this,formal
I lit my new grill today,formal
I love you papaaaaa,slang
I luv you,slang
I made you breakfast,formal
I think Disney is making me more mentally ill,formal
I think I did something and now im sobbing,formal
I wanna b mysterious so bad,slang
I was honored to meet two survivors of the Tulsa Race Massacre Mother Viola Fletcher and Mr Hughes Van Ellis,formal
I will hate you for the rest of my life,formal
I will look dead in yo face,slang
I wouldn't be me if I didn't paint a cat eventually,formal
Ill never subject u to that again,slang
I'm gonna go out on a limb here and say yuck,slang
I'm sick,formal
I've actually owned it for quite some time,formal
I've been waiting,formal
I've talked to people who are pro vaccine but are waiting,formal
I've tried nothing,formal
if my wife disapproves she will have to stay outside,formal
if we lose this were gonna kiss our chances of winning goodbye,slang
if we texting past 12 am ur replies gotta be within seconds,slang
if you don't know now you know,formal
im gonna call him that from now on,slang
im in 3 of them,slang
ima buy a Samsung,slang
imma make sure you have a good time July 10,slang
imo yes considerably less bloat and some of their phones have modular add ons,slang
improving bilateral relations with Afghanistan is of utmost importance to Pakistan in the context of India,formal
is that seriously even a question,formal
Israeli embassy hosts hatefest in the heart of London,formal
it felt fitting lol,slang
it hurts but I prefer to keep quiet and smile like nothing happened,formal
it is good lol,slang
it is what it is,formal
it probably started in 2020,formal
it seems you've been going through the same old routine lately,formal
its all about who you want to eat tacos with at 2am,formal
it's not gambling if you know youre gonna win,slang
it's so bad for us,formal
it's somehow sentimental to think that Lee was the last artist who Hanbin collaborated with before he went on a hiatus,formal
I've only just seen this and dunno who made this,slang
keep rocking AMC Theatres the right way,slang
kill him not even kidding we are not finna do this again,slang
lakers going 3 2 tonight,formal
leave a dot and ill tell what I want from u,slang
Let's build a healthcare system that people aren't terrified of using,formal
Let's just all sort out our mental health concerns,formal
like you cant be mad im lit and you fightin demons,slang
lmao the lack of brain cells required to have fucked that up so badly,slang
lol,slang
lol careful with the insults,slang
lol who did this,slang
loneliness hurts so much,formal
loneliness is the worst feeling there is,formal
look at them,formal
losing me is like losing yo 2 front teeth,slang
lyin I already caught u in 4k,slang
Malaysian soup kitchen soldier on to serve the poor and needy despite nationwide lockdown,formal
meanwhile I already cut myself twice last month,formal
morning Cate have a fabulous day,formal
my new grill is lit,slang
nah but fr Maelo be testing my patience everyday,slang
nah this shit over,slang
nah you seeking father figures instead,slang
never lose hope,formal
next pandemic the pharmaceutical companies should sell naming rights for the vaccines to raise even more money,formal
no cuz she wouldve killed him if he became vulnerable,slang
no joke yall are weirddddddd,slang
no thanks so overhyped,slang
nooooooooooooooooo,slang
nope nope and nope never,slang
not that simple,formal
now I can finally do this,formal
ok i'm tired now back to shit posting,slang
old people are what's wrong with this country,formal
omg hello this edit,slang
omg I'm so happy for your family,slang
omg what a moron,slang
others are noticing your abilities at work and you're in sync,formal
our customers and their staff use IOS and have asked to get modern data governance on their iPhones,formal
Piers Morgan walked off his own show,formal
please literally the hugest hug,slang
please retweet and if you are able to please help I really will appreciate it I haven't got no help yet and I really need,slang
please turn off your autoplay there is a video surfacing around that might trigger people who are sensitive to this topic,slang
pls rt,slang
pls use all ur ids to like dem,slang
police have stopped a bank robbery yesterday,formal
ppl be jealous of ya vibe,slang
Saturdays' Kill the Bill march had the lowest turnout yet,formal
selflove improves your selfesteem and selfconfidence,formal
she couldn't find an easier way of doing this,formal
she fought this for 15 years,formal
show some love to Craig of the Creek,formal
so the rumor is Ateez is gonna be the real winner on Kingdom,slang
some of yall don't understand ppl got limits,slang
stars can't shine without darkness,formal
stop and desist from acquiring a share in the state monopoly,formal
stop gassing up people y'all know are unhealthy,slang
stop getting sad over small things,formal
such a shitty thing to do,slang
taking nothing personally is a sign of intelligence,formal
thank you,formal
you could be nicer more often,formal
thank you so much,formal
that's awesome,formal
that's got to hurt,formal
that's gotta hurt,slang
thats pretty wicked,slang
that's sick,slang
the concern of the child was taken into consideration by the office of LGK and K positively and directions were passed to the concerned,formal
the government is cracking down on out of control whiplash fraud,formal
the Green party exists to follow the science works to protect our planet from ruinous exploitation,formal
the holy grail for those who like to get the most out of their tailoring,formal
the liberal crybabies whining about the Texas voter ID law are the exact same people who support vaccine passports,slang
the Tampa Bay Lightning take on the Carolina Curricanes in NHL betting action,formal
the trends im gonna cry,slang
there's no planned disruptions affecting our services this week,formal
these prices are robbery,formal
they are already planning the next pandemic,formal
they are still figuring out this mermaid magic,formal
they don't care I got it,formal
they just won't,formal
they now know tbh,slang
you couldn't of been more wrong,slang
they promised delivery of oxygen and delivering liquor,formal
they're catching up,formal
this applies to so many games it's so dumb,formal
this is a perfect parody,formal
this is amazing,formal
this is such cancer,slang
this ur 4th gen IT boy,slang
we could of course say that,formal
tracking will end at 11 59am,formal
trust the process,formal
u are 16 and u sound like my sister,slang
uh thatll be a no for me,slang
ummm ok man's screaming at me because I preferred the old logo,slang
ur parents' house have everything you need except peace,slang
very sad that the new car logo I got is significantly smaller than my old one,formal
veryyyyy,slang
was it just the sunny weather keeping people away,formal
We couldn't find a Readwise account associated with your handle,formal
we fight for our rights,formal
We have a new pic,slang
We have helped 40k students,formal
we have lit the new grill yesterday,formal
we need 30k orders and each average of at least 8,formal
we rocked yesterday,slang
were spoiled rn,slang
what a bloody lowlife,slang
what bae say,slang
what do our customers say,formal
what more do you want,formal
when was your realization moment,formal
where are you bestie,slang
why are you against free speech,formal
why are you not calling for his resignation or arrest,formal
why is this me last year skdkkd,slang
they could of listened to you,slang
why worry when you can pray,formal
wtf do they do,slang
wth is happening,slang
wuahh why too much blood ah,slang
yall be enabling their eating disorders,slang
y'all better buy,slang
y'all don't blame Hybe and Belift because of Kyungmin and Hanbin,slang
yall act like Kanye can rap,slang
yeah okay this one is tho,slang
yes I'm still getting my hair done,formal
Yes mostly relatives most of my friends are likeminded,formal
yessssss,slang
you aint never gonna smile the same,slang
you are lying,formal
you are so lit man,slang
I could have gone home by now,formal
you can learn a lot about a person just by reading his bio,formal
you don't forget you learn to come to terms and accept,formal
you have an urge to be out and about and this is likely born,formal
you should've ran away,formal
you're a real one if you remember Dinosaur Office on 3DS,slang
you're not the Secretary of State and have no business involving yourself,formal
you could of done it better,slang
when Trump goes to prison they should have tours so people can see him in captivity,formal
all the proceeds go to charity,formal
I wonder how the voice actors felt while recording their lines for Alice in Wonderland,formal
yall know how it be,slang
erm ratio,slang
no need to be salty,slang
yayyy I'll add u when I finish making it,slang
and if you've wronged someone make it right,formal
omg,slang
nice at first I thought it was hair and then looked closer xd lovely,slang
flight turbulence stresses me out,formal
this is gonna be so good hold on,slang
no more words needed,formal
the BBC are a disgrace,formal
dear heart stop getting emotional your duty is to pump blood that's it,formal
the only reason I attend E3 is to see old industry friends and hang out,formal
thank you bestie I knew you'd understand me,slang
heyyyy twitter,slang
anime sucks,slang
I need the scammers to leave me alone,formal
aaaaahhhhh we did it,slang
loving all the Chelsea players atm,slang
2020 felt like it took years and 2021 is speeding by,formal
I will always proudly support Donald Trump,formal
yeah Minecraft is bussin,slang
u can literally feel when u dont mean shit to a person,slang
what a position to be in,formal
just posted a video,formal
good news I got replied to by ShirI Allwood,formal
my state is so embarrassing,formal
aww thanks hun,slang
someone made a Studio Ghibli inspired teapot,formal
it gets worse,formal
I thought u was an attack helicopter,slang
u might be going to hell brother,slang
okay I got you,formal
lmao hes the standard,slang
aaaaaah I miss u so bad,slang
erm I'm so happy,slang
anything was better than Trump ok,slang
erm so cute,slang
be less bomb this year,slang
cant come at people all bomb all of a sudden and think that we aint smart enough to see through the hypocrisy,slang
close not me rn,slang
congrats luv,slang
Dery we love you btw stay strong,slang
bae how do people take such in yo face pictures every single day,slang
for example if its written in English while being Spanish obviously hes hyper,slang
aaaaaah,slang
happy 25th birthday to my bro,slang
happy birthday luv hope you have a good one,slang
happy birthday Dineshkarthik god bless luv,slang
have a good day one and only,slang
wth I am a bit red,slang
I got watched as I sat in my chair and she made me feel weird fr she asked me so many times I was like do I look sick,slang
I will look dead up in arms,slang
imo yes considerably less vibe and some of their phones have modular add ons,slang
it felt fitting heyyyy,slang
it is good ah,slang
wth the lack of brain cells required to have fucked that up so badly,slang
skdkkd careful with the insults,slang
yayyy who did this,slang
ummm but btw Maelo be testing my patience everyday,slang
ah this moron over,slang
wuahh you seeking father figures instead,slang
no thanks so retarded,slang
aaaaahhhhh,slang
rn i'm tired now back to shit posting,slang
fr hello this edit,slang
rn I'm so happy for your family,slang
btw what a lowlife,slang
ok rt,slang
bc use all ur ids to like dem,slang
ppl be jealous of ya bloat,slang
such a sick thing to do,slang
thats pretty bloody,slang
that's wicked,slang
they now know atm,slang
this is such vibe,slang
lmao thatll be a no for me,slang
yeah tbh man's screaming at me because I preferred the old logo,slang
were spoiled ok,slang
what a hyper bloat,slang
what luv say,slang
where are you man,slang
why is this me last year aww,slang
aaaaahhhhh do they do,slang
awww is happening,slang
nooooooooooooooooo why too much blood nah,slang
you are so lit buddy,slang
hahahahahahahhahahahshajsahhsahdsajdhajhajhahah ratio,slang
no need to be sick,slang
ah I'll add u when I finish making it,slang
thank you luv I knew you'd understand me,slang
wuahh twitter,slang
skdkkd we did it,slang
loving all the Chelsea players fr,slang
wth Minecraft is bussin,slang
u can literally feel when u dont mean moron to a person,slang
yeah thanks bro,slang
heyyyy hes the standard,slang
aww I miss u so bad,slang
yeah I'm so happy,slang
anything was better than Trump rn,slang
wth so cute,slang
be less salty this year,slang
cant come at people all hyper all of a sudden and think that we aint smart enough to see through the hypocrisy,slang
close not me ok,slang
congrats bae,slang
man how do people take such sick pictures every single day,slang
for example if its written in English while being Spanish obviously hes bomb,slang
happy 25th birthday to my buddy,slang
happy birthday bestie hope you have a good one,slang
have a good day hun,slang
wuahh I am a bit red,slang
I got watched as I sat in my chair and she made me feel weird btw she asked me so many times I was like do I look sick,slang
I will look dead bomb,slang
it felt fitting hmm,slang
it is good yeah,slang
hmm the lack of brain cells required to have fucked that up so badly,slang
wuahh,slang
awww who did this,slang
nooooooooooooooooo but ok Maelo be testing my patience everyday,slang
nooooooooooooooooo this shit over,slang
heyyyy you seeking father figures instead,slang
no thanks so hyper,slang
heyyyy,slang
btw i'm tired now back to shit posting,slang
fr I'm so happy for your family,slang
atm what a lowlife,slang
btw rt,slang
tbh use all ur ids to like dem,slang
ppl be jealous of ya cancer,slang
such a bomb thing to do,slang
thats pretty retarded,slang
that's bloody,slang
this is such shit,slang
ummm thatll be a no for me,slang
aaaaa rn man's screaming at me because I preferred the old logo,slang
were spoiled atm,slang
what a retarded moron,slang
what dude say,slang
where are you hun,slang
uh do they do,slang
aaaaa is happening,slang
wtf why too much blood hahahahahahahhahahahshajsahhsahdsajdhajhajhahah,slang
heyyyy okay this one is tho,slang
no need to be overhyped,slang
aaaaaah I'll add u when I finish making it,slang
rn,slang
skdkkd twitter,slang
ah we did it,slang
loving all the Chelsea players rn,slang
u can literally feel when u dont mean vibe to a person,slang
ah thanks man,slang
erm hes the standard,slang
nah I miss u so bad,slang
ah I'm so happy,slang
anything was better than Trump omg,slang
aaaaa so cute,slang
be less overhyped this year,slang
congrats man,slang
Dery we love you fr stay strong,slang
bae how do people take such salty pictures every single day,slang
for example if its written in English while being Spanish obviously hes in yo face,slang
happy birthday hun hope you have a good one,slang
yeah I am a bit red,slang
I got watched as I sat in my chair and she made me feel weird rn she asked me so many times I was like do I look sick,slang
I will look dead bloody,slang
imo yes considerably less moron and some of their phones have modular add ons,slang
it felt fitting ah,slang
it is good yayyy,slang
aaaaaah the lack of brain cells required to have fucked that up so badly,slang
uh,slang
hmm careful with the insults,slang
yeah who did this,slang
aaaaaah but fr Maelo be testing my patience everyday,slang
aaaaahhhhh this cancer over,slang
ah you seeking father figures instead,slang
no thanks so in yo face,slang
aww,slang
atm i'm tired now back to shit posting,slang
atm what a bloat,slang
atm use all ur ids to like dem,slang
ppl be jealous of ya moron,slang
such a bloody thing to do,slang
thats pretty in yo face,slang
they now know fr,slang
this is such lowlife,slang
hahahahahahahhahahahshajsahhsahdsajdhajhajhahah thatll be a no for me,slang
yeah bc man's screaming at me because I preferred the old logo,slang
were spoiled btw,slang
what a bloody cancer,slang
where are you one and only,slang
why is this me last year lmao,slang
wth why too much blood ah,slang
hmm okay this one is tho,slang
you are so lit bae,slang
ah ratio,slang
lol I'll add u when I finish making it,slang
ok,slang
thank you man I knew you'd understand me,slang
yayyy twitter,slang
yeah we did it,slang
uh Minecraft is bussin,slang
heyyyy thanks luv,slang
aaaaahhhhh hes the standard,slang
skdkkd I miss u so bad,slang
skdkkd I'm so happy,slang
anything was better than Trump btw,slang
lol so cute,slang
be less bloody this year,slang
cant come at people all overhyped all of a sudden and think that we aint smart enough to see through the hypocrisy,slang
congrats buddy,slang
man how do people take such hyper pictures every single day,slang
for example if its written in English while being Spanish obviously hes bloody,slang
wth,slang
happy 25th birthday to my bae,slang
happy birthday dude hope you have a good one,slang
have a good day bae,slang
aaaaaah I am a bit red,slang
nah the lack of brain cells required to have fucked that up so badly,slang
wuahh careful with the insults,slang
aaaaahhhhh who did this,slang
yayyy this lowlife over,slang
awww you seeking father figures instead,slang
yayyy,slang
atm hello this edit,slang
bc I'm so happy for your family,slang
bc what a vibe,slang
such a retarded thing to do,slang
they now know omg,slang
yayyy thatll be a no for me,slang
wtf tbh man's screaming at me because I preferred the old logo,slang
what one and only say,slang
why is this me last year nooooooooooooooooo,slang
erm do they do,slang
nah is happening,slang
erm why too much blood erm,slang
wtf okay this one is tho,slang
you are so lit bestie,slang
wuahh ratio,slang
wth I'll add u when I finish making it,slang
wtf twitter,slang
yayyy we did it,slang
erm Minecraft is bussin,slang
aaaaahhhhh thanks bro,slang
nah hes the standard,slang
uh I miss u so bad,slang
wtf I'm so happy,slang
anything was better than Trump pls,slang
aww so cute,slang
cant come at people all bloody all of a sudden and think that we aint smart enough to see through the hypocrisy,slang
close not me tbh,slang
congrats hun,slang
Dery we love you ok stay strong,slang
bestie how do people take such in yo face pictures every single day,slang
ah,slang
happy 25th birthday to my man,slang
happy birthday Dineshkarthik god bless bestie,slang
have a good day man,slang
aaaaa I am a bit red,slang
it felt fitting wth,slang
it is good nah,slang
hahahahahahahhahahahshajsahhsahdsajdhajhajhahah the lack of brain cells required to have fucked that up so badly,slang
lmao,slang
yeah but ok Maelo be testing my patience everyday,slang
lmao this lowlife over,slang
yeah you seeking father figures instead,slang
no thanks so bloody,slang
bc i'm tired now back to shit posting,slang
omg what a bloat,slang
tbh rt,slang
omg use all ur ids to like dem,slang
ppl be jealous of ya shit,slang
thats pretty up in arms,slang
that's in yo face,slang
this is such moron,slang
nooooooooooooooooo thatll be a no for me,slang
ummm btw man's screaming at me because I preferred the old logo,slang
what a salty bloat,slang
why is this me last year nah,slang
hmm do they do,slang
wtf is happening,slang
awww why too much blood awww,slang
skdkkd okay this one is tho,slang
you are so lit luv,slang
wth ratio,slang
no need to be wicked,slang
ummm I'll add u when I finish making it,slang
tbh,slang
ah twitter,slang
loving all the Chelsea players tbh,slang
aww Minecraft is bussin,slang
wtf thanks one and only,slang
aaaaaah hes the standard,slang
nooooooooooooooooo I miss u so bad,slang
ah so cute,slang
be less retarded this year,slang
cant come at people all salty all of a sudden and think that we aint smart enough to see through the hypocrisy,slang
Dery we love you rn stay strong,slang
hun how do people take such up in arms pictures every single day,slang
for example if its written in English while being Spanish obviously hes shitty,slang
happy birthday Dineshkarthik god bless man,slang
I got watched as I sat in my chair and she made me feel weird tbh she asked me so many times I was like do I look sick,slang
it felt fitting wuahh,slang
it is good awww,slang
wtf the lack of brain cells required to have fucked that up so badly,slang
nooooooooooooooooo careful with the insults,slang
hmm but pls Maelo be testing my patience everyday,slang
wth this bloat over,slang
ummm you seeking father figures instead,slang
no thanks so up in arms,slang
awww,slang
tbh i'm tired now back to shit posting,slang
pls hello this edit,slang
thats pretty sick,slang
yeah thatll be a no for me,slang
ah bc man's screaming at me because I preferred the old logo,slang
what a in yo face bloat,slang
what man say,slang
where are you buddy,slang
why is this me last year aaaaaah,slang
awww do they do,slang
yayyy is happening,slang
heyyyy why too much blood erm,slang
aaaaahhhhh okay this one is tho,slang
lmao ratio,slang
no need to be in yo face,slang
wtf I'll add u when I finish making it,slang
btw,slang
wuahh we did it,slang
loving all the Chelsea players ok,slang
ah Minecraft is bussin,slang
u can literally feel when u dont mean cancer to a person,slang
lmao I miss u so bad,slang
aww I'm so happy,slang
anything was better than Trump bc,slang
nooooooooooooooooo so cute,slang
close not me bc,slang
congrats one and only,slang
Dery we love you atm stay strong,slang
bestie how do people take such bloody pictures every single day,slang
hmm,slang
happy 25th birthday to my bestie,slang
hahahahahahahhahahahshajsahhsahdsajdhajhajhahah I am a bit red,slang
imo yes considerably less shit and some of their phones have modular add ons,slang
aaaaahhhhh the lack of brain cells required to have fucked that up so badly,slang
erm careful with the insults,slang
ah who did this,slang
erm but bc Maelo be testing my patience everyday,slang
hahahahahahahhahahahshajsahhsahdsajdhajhajhahah this cancer over,slang
no thanks so bomb,slang
erm,slang
bc hello this edit,slang
rn what a cancer,slang
bc rt,slang
such a hyper thing to do,slang
that's salty,slang
awww thatll be a no for me,slang
yeah atm man's screaming at me because I preferred the old logo,slang
were spoiled pls,slang
where are you bae,slang
ummm do they do,slang
lmao why too much blood skdkkd,slang
wth okay this one is tho,slang
you are so lit dude,slang
heyyyy ratio,slang
no need to be retarded,slang
fr,slang
thank you buddy I knew you'd understand me,slang
lmao we did it,slang
u can literally feel when u dont mean bloat to a person,slang
lol thanks dude,slang
anything was better than Trump fr,slang
hahahahahahahhahahahshajsahhsahdsajdhajhajhahah so cute,slang
be less wicked this year,slang
cant come at people all retarded all of a sudden and think that we aint smart enough to see through the hypocrisy,slang
close not me fr,slang
one and only how do people take such retarded pictures every single day,slang
wtf,slang
happy 25th birthday to my hun,slang
happy birthday bae hope you have a good one,slang
have a good day bro,slang
I will look dead wicked,slang
heyyyy careful with the insults,slang
aaaaaah but rn Maelo be testing my patience everyday,slang
awww this moron over,slang
hahahahahahahhahahahshajsahhsahdsajdhajhajhahah you seeking father figures instead,slang
no thanks so sick,slang
nah,slang
omg i'm tired now back to shit posting,slang
pls I'm so happy for your family,slang
omg what a cancer,slang
fr use all ur ids to like dem,slang
they now know bc,slang
nah thatll be a no for me,slang
aaaaaah bc man's screaming at me because I preferred the old logo,slang
what a retarded lowlife,slang
where are you dude,slang
why is this me last year aaaaahhhhh,slang
wuahh do they do,slang
wuahh is happening,slang
lmao why too much blood aaaaahhhhh,slang
uh ratio,slang
no need to be hyper,slang
nah I'll add u when I finish making it,slang
bc,slang
thank you bae I knew you'd understand me,slang
aaaaaah we did it,slang
loving all the Chelsea players pls,slang
nooooooooooooooooo Minecraft is bussin,slang
ah thanks one and only,slang
hmm hes the standard,slang
ummm I miss u so bad,slang
heyyyy I'm so happy,slang
hmm so cute,slang
close not me pls,slang
Dery we love you bc stay strong,slang
luv how do people take such salty pictures every single day,slang
for example if its written in English while being Spanish obviously hes sick,slang
happy 25th birthday to my luv,slang
happy birthday Dineshkarthik god bless one and only,slang
heyyyy I am a bit red,slang
imo yes considerably less cancer and some of their phones have modular add ons,slang
it felt fitting lmao,slang
it is good aaaaaah,slang
heyyyy the lack of brain cells required to have fucked that up so badly,slang
ummm careful with the insults,slang
ummm who did this,slang
awww but omg Maelo be testing my patience everyday,slang
ah this cancer over,slang
no thanks so wicked,slang
rn what a moron,slang
fr rt,slang
ppl be jealous of ya lowlife,slang
aaaaaah thatll be a no for me,slang
uh btw man's screaming at me because I preferred the old logo,slang
what a salty vibe,slang
what bro say,slang
where are you luv,slang
lmao do they do,slang
uh is happening,slang
uh why too much blood awww,slang
you are so lit one and only,slang
yeah ratio,slang
wth twitter,slang
hmm we did it,slang
hahahahahahahhahahahshajsahhsahdsajdhajhajhahah Minecraft is bussin,slang
ummm thanks buddy,slang
ah hes the standard,slang
wuahh I miss u so bad,slang
uh I'm so happy,slang
be less in yo face this year,slang
bestie how do people take such bomb pictures every single day,slang
happy 25th birthday to my dude,slang
happy birthday man hope you have a good one,slang
happy birthday Dineshkarthik god bless bae,slang
have a good day bestie,slang
wuahh the lack of brain cells required to have fucked that up so badly,slang
hahahahahahahhahahahshajsahhsahdsajdhajhajhahah but pls Maelo be testing my patience everyday,slang
ummm this shit over,slang
nooooooooooooooooo you seeking father figures instead,slang
fr i'm tired now back to shit posting,slang
ok I'm so happy for your family,slang
ok what a lowlife,slang
atm rt,slang
btw use all ur ids to like dem,slang
such a in yo face thing to do,slang
thats pretty bomb,slang
they now know btw,slang
this is such bloat,slang
aaaaahhhhh thatll be a no for me,slang
nah tbh man's screaming at me because I preferred the old logo,slang
what bestie say,slang
why is this me last year yayyy,slang
wth do they do,slang
lol is happening,slang
erm why too much blood ah,slang
lmao okay this one is tho,slang
you are so lit hun,slang
aww ratio,slang
hmm I'll add u when I finish making it,slang
aaaaahhhhh twitter,slang
uh we did it,slang
loving all the Chelsea players omg,slang
wuahh thanks bro,slang
ah I miss u so bad,slang
hmm I'm so happy,slang
wtf so cute,slang
cant come at people all in yo face all of a sudden and think that we aint smart enough to see through the hypocrisy,slang
bestie how do people take such hyper pictures every single day,slang
yeah,slang
happy birthday buddy hope you have a good one,slang
happy birthday Dineshkarthik god bless hun,slang
have a good day dude,slang
aww I am a bit red,slang
it is good uh,slang
ah the lack of brain cells required to have fucked that up so badly,slang
ummm,slang
awww careful with the insults,slang
heyyyy who did this,slang
erm but rn Maelo be testing my patience everyday,slang
erm this shit over,slang
rn hello this edit,slang
such a wicked thing to do,slang
wtf btw man's screaming at me because I preferred the old logo,slang
were spoiled fr,slang
what a hyper shit,slang
aaaaa do they do,slang
aaaaahhhhh is happening,slang
skdkkd why too much blood erm,slang
lol okay this one is tho,slang
awww ratio,slang
no need to be up in arms,slang
aaaaa I'll add u when I finish making it,slang
uh twitter,slang
wtf we did it,slang
lol Minecraft is bussin,slang
lmao thanks luv,slang
ummm I'm so happy,slang
anything was better than Trump atm,slang
uh so cute,slang
congrats bestie,slang
one and only how do people take such salty pictures every single day,slang
skdkkd,slang
skdkkd I am a bit red,slang
I will look dead shitty,slang
it is good heyyyy,slang
aaaaaah careful with the insults,slang
hahahahahahahhahahahshajsahhsahdsajdhajhajhahah who did this,slang
aaaaa but omg Maelo be testing my patience everyday,slang
lol this cancer over,slang
btw what a shit,slang
omg rt,slang
that's up in arms,slang
they now know pls,slang
wuahh rn man's screaming at me because I preferred the old logo,slang
were spoiled bc,slang
heyyyy do they do,slang
aaaaaah is happening,slang
skdkkd why too much blood heyyyy,slang
aaaaahhhhh ratio,slang
erm I'll add u when I finish making it,slang
thank you dude I knew you'd understand me,slang
heyyyy we did it,slang
loving all the Chelsea players bc,slang
skdkkd Minecraft is bussin,slang
aww thanks bro,slang
uh hes the standard,slang
wuahh I'm so happy,slang
congrats dude,slang
Dery we love you tbh stay strong,slang
for example if its written in English while being Spanish obviously hes wicked,slang
yayyy I am a bit red,slang
it is good hmm,slang
lmao careful with the insults,slang
nah who did this,slang
yeah but btw Maelo be testing my patience everyday,slang
erm you seeking father figures instead,slang
btw hello this edit,slang
bc what a bloat,slang
thats pretty salty,slang
hmm thatll be a no for me,slang
hmm atm man's screaming at me because I preferred the old logo,slang
what a bomb shit,slang
what buddy say,slang
heyyyy is happening,slang
wth why too much blood uh,slang
aaaaaah okay this one is tho,slang
no need to be bomb,slang
heyyyy I'll add u when I finish making it,slang
aaaaa twitter,slang
ummm we did it,slang
ah thanks luv,slang
yeah hes the standard,slang
awww I miss u so bad,slang
aaaaahhhhh so cute,slang
one and only how do people take such overhyped pictures every single day,slang
happy birthday Dineshkarthik god bless dude,slang
ah I am a bit red,slang
I got watched as I sat in my chair and she made me feel weird omg she asked me so many times I was like do I look sick,slang
I will look dead sick,slang
it felt fitting yayyy,slang
it is good wtf,slang
nah careful with the insults,slang
aaaaa who did this,slang
wuahh but bc Maelo be testing my patience everyday,slang
nooooooooooooooooo this moron over,slang
fr what a lowlife,slang
they now know ok,slang
lmao omg man's screaming at me because I preferred the old logo,slang
what a bomb moron,slang
what hun say,slang
hahahahahahahhahahahshajsahhsahdsajdhajhajhahah do they do,slang
wuahh why too much blood aaaaa,slang
awww okay this one is tho,slang
you are so lit bro,slang
wtf ratio,slang
aaaaahhhhh I'll add u when I finish making it,slang
nooooooooooooooooo we did it,slang
wuahh thanks bae,slang
aaaaa hes the standard,slang
wtf I miss u so bad,slang
lmao I'm so happy,slang
cant come at people all sick all of a sudden and think that we aint smart enough to see through the hypocrisy,slang
Dery we love you omg stay strong,slang
bae how do people take such shitty pictures every single day,slang
aaaaa,slang
happy birthday one and only hope you have a good one,slang
I will look dead salty,slang
it felt fitting uh,slang
erm but omg Maelo be testing my patience everyday,slang
wth this moron over,slang
skdkkd you seeking father figures instead,slang
bc what a cancer,slang
such a salty thing to do,slang
what a retarded shit,slang
why is this me last year heyyyy,slang
yayyy why too much blood wtf,slang
thank you one and only I knew you'd understand me,slang
awww twitter,slang
awww thanks bestie,slang
awww I'm so happy,slang
close not me omg,slang
bro how do people take such bomb pictures every single day,slang
for example if its written in English while being Spanish obviously hes up in arms,slang
aaaaahhhhh I am a bit red,slang
it felt fitting aww,slang
skdkkd the lack of brain cells required to have fucked that up so badly,slang
heyyyy but tbh Maelo be testing my patience everyday,slang
nooooooooooooooooo this lowlife over,slang
yayyy you seeking father figures instead,slang
no thanks so shitty,slang
thats pretty overhyped,slang
that's bomb,slang
wtf thatll be a no for me,slang
uh fr man's screaming at me because I preferred the old logo,slang
were spoiled tbh,slang
what a salty cancer,slang
lol do they do,slang
skdkkd is happening,slang
aaaaahhhhh why too much blood yeah,slang
hmm ratio,slang
no need to be shitty,slang
hmm Minecraft is bussin,slang
aaaaahhhhh thanks man,slang
cant come at people all wicked all of a sudden and think that we aint smart enough to see through the hypocrisy,slang
hun how do people take such sick pictures every single day,slang
happy birthday Dineshkarthik god bless bro,slang
I will look dead hyper,slang
it felt fitting aaaaahhhhh,slang
it is good aaaaa,slang
ummm the lack of brain cells required to have fucked that up so badly,slang
yayyy careful with the insults,slang
uh but omg Maelo be testing my patience everyday,slang
ummm this cancer over,slang
tbh what a bloat,slang
ok use all ur ids to like dem,slang
skdkkd bc man's screaming at me because I preferred the old logo,slang
what a overhyped lowlife,slang
why is this me last year awww,slang
hmm why too much blood wtf,slang
aww okay this one is tho,slang
lol ratio,slang
pls,slang
hmm twitter,slang
awww Minecraft is bussin,slang
u can literally feel when u dont mean lowlife to a person,slang
yeah thanks bae,slang
heyyyy so cute,slang
close not me atm,slang
buddy how do people take such bloody pictures every single day,slang
I will look dead overhyped,slang
it felt fitting ummm,slang
it is good skdkkd,slang
nah but bc Maelo be testing my patience everyday,slang
lmao this shit over,slang
uh you seeking father figures instead,slang
atm what a vibe,slang
that's overhyped,slang
heyyyy bc man's screaming at me because I preferred the old logo,slang
what a wicked shit,slang
why is this me last year erm,slang
aaaaaah do they do,slang
awww why too much blood aaaaaah,slang
wth we did it,slang
lol thanks bae,slang
nah I'm so happy,slang
bestie how do people take such sick pictures every single day,slang
have a good day buddy,slang
I got watched as I sat in my chair and she made me feel weird ok she asked me so many times I was like do I look sick,slang
imo yes considerably less lowlife and some of their phones have modular add ons,slang
it is good erm,slang
yayyy the lack of brain cells required to have fucked that up so badly,slang
aaaaaah who did this,slang
aaaaaah but omg Maelo be testing my patience everyday,slang
skdkkd this moron over,slang
aaaaahhhhh you seeking father figures instead,slang
tbh hello this edit,slang
wuahh thatll be a no for me,slang
aww rn man's screaming at me because I preferred the old logo,slang
ah do they do,slang
ummm why too much blood ah,slang
hahahahahahahhahahahshajsahhsahdsajdhajhajhahah okay this one is tho,slang
no need to be bloody,slang
nah twitter,slang
yayyy hes the standard,slang
wth I'm so happy,slang
yeah so cute,slang
be less shitty this year,slang
wtf I am a bit red,slang
it felt fitting erm,slang
it is good wth,slang
lol the lack of brain cells required to have fucked that up so badly,slang
ummm this vibe over,slang
fr what a vibe,slang
erm thatll be a no for me,slang
aaaaaah atm man's screaming at me because I preferred the old logo,slang
what a shitty shit,slang
aww do they do,slang
ummm is happening,slang
erm why too much blood lol,slang
uh okay this one is tho,slang
awww I'll add u when I finish making it,slang
yeah twitter,slang
lol we did it,slang
aaaaahhhhh thanks luv,slang
lol hes the standard,slang
yayyy I'm so happy,slang
be less sick this year,slang
ummm I am a bit red,slang
aaaaa the lack of brain cells required to have fucked that up so badly,slang
aww but fr Maelo be testing my patience everyday,slang
heyyyy this bloat over,slang
hmm you seeking father figures instead,slang
btw I'm so happy for your family,slang
fr what a bloat,slang
ah atm man's screaming at me because I preferred the old logo,slang
what a wicked vibe,slang
wtf why too much blood wth,slang
nooooooooooooooooo ratio,slang
erm twitter,slang
aaaaa we did it,slang
yeah thanks bestie,slang
man how do people take such shitty pictures every single day,slang
it felt fitting awww,slang
ah careful with the insults,slang
awww but rn Maelo be testing my patience everyday,slang
aaaaa this shit over,slang
fr what a shit,slang
nah fr man's screaming at me because I preferred the old logo,slang
what a shitty bloat,slang
yayyy do they do,slang
nooooooooooooooooo is happening,slang
aaaaaah why too much blood awww,slang
wuahh I'll add u when I finish making it,slang
thank you hun I knew you'd understand me,slang
lol twitter,slang
aaaaahhhhh Minecraft is bussin,slang
wth thanks dude,slang
ummm so cute,slang
one and only how do people take such up in arms pictures every single day,slang
it is good lmao,slang
hahahahahahahhahahahshajsahhsahdsajdhajhajhahah careful with the insults,slang
skdkkd who did this,slang
aaaaaah but bc Maelo be testing my patience everyday,slang
hmm this cancer over,slang
wtf you seeking father figures instead,slang
ah thatll be a no for me,slang
aww ok man's screaming at me because I preferred the old logo,slang
where are you bro,slang
heyyyy why too much blood skdkkd,slang
yeah I'll add u when I finish making it,slang
atm,slang
thank you bro I knew you'd understand me,slang
loving all the Chelsea players btw,slang
wth thanks man,slang
erm I miss u so bad,slang
cant come at people all shitty all of a sudden and think that we aint smart enough to see through the hypocrisy,slang
hun how do people take such bomb pictures every single day,slang
erm I am a bit red,slang
it is good nooooooooooooooooo,slang
wth who did this,slang
ummm but rn Maelo be testing my patience everyday,slang
wth this lowlife over,slang
wth you seeking father figures instead,slang
ok hello this edit,slang
rn what a lowlife,slang
that's retarded,slang
yeah rn man's screaming at me because I preferred the old logo,slang
what a in yo face vibe,slang
why is this me last year wtf,slang
yeah do they do,slang
uh why too much blood lol,slang
ummm okay this one is tho,slang
aaaaa ratio,slang
aww I'll add u when I finish making it,slang
aww twitter,slang
hmm I miss u so bad,slang
nooooooooooooooooo I'm so happy,slang
skdkkd so cute,slang
hun how do people take such shitty pictures every single day,slang
it is good aww,slang
aaaaahhhhh careful with the insults,slang
wuahh but pls Maelo be testing my patience everyday,slang
wuahh this vibe over,slang
no thanks so salty,slang
tbh I'm so happy for your family,slang
fr what a cancer,slang
lol tbh man's screaming at me because I preferred the old logo,slang
what a shitty moron,slang
why is this me last year ummm,slang
heyyyy why too much blood lmao,slang
nooooooooooooooooo okay this one is tho,slang
aww we did it,slang
aaaaahhhhh thanks dude,slang
aaaaahhhhh I miss u so bad,slang
I will look dead retarded,slang
yeah the lack of brain cells required to have fucked that up so badly,slang
skdkkd but omg Maelo be testing my patience everyday,slang
yeah this cancer over,slang
skdkkd ok man's screaming at me because I preferred the old logo,slang
were spoiled omg,slang
what a hyper cancer,slang
why is this me last year yeah,slang
ah is happening,slang
uh why too much blood aaaaa,slang
ah okay this one is tho,slang
uh thanks man,slang
be less up in arms this year,slang
aaaaa careful with the insults,slang
ummm but fr Maelo be testing my patience everyday,slang
tbh what a lowlife,slang
aaaaahhhhh ok man's screaming at me because I preferred the old logo,slang
what a up in arms shit,slang
why is this me last year hmm,slang
erm why too much blood hahahahahahahhahahahshajsahhsahdsajdhajhajhahah,slang
nooooooooooooooooo I'll add u when I finish making it,slang
nah we did it,slang
lmao Minecraft is bussin,slang
yeah thanks man,slang
ummm hes the standard,slang
hahahahahahahhahahahshajsahhsahdsajdhajhajhahah I'm so happy,slang
bae how do people take such retarded pictures every single day,slang
lmao I am a bit red,slang
hahahahahahahhahahahshajsahhsahdsajdhajhajhahah this vibe over,slang
pls what a lowlife,slang
such a overhyped thing to do,slang
lol thatll be a no for me,slang
why is this me last year wuahh,slang
uh why too much blood yayyy,slang
yayyy Minecraft is bussin,slang
yeah I miss u so bad,slang
dude how do people take such salty pictures every single day,slang
it is good aaaaahhhhh,slang
nooooooooooooooooo the lack of brain cells required to have fucked that up so badly,slang
wth careful with the insults,slang
wtf who did this,slang
wth but btw Maelo be testing my patience everyday,slang
yeah this lowlife over,slang
lol you seeking father figures instead,slang
pls what a cancer,slang
that's shitty,slang
heyyyy thatll be a no for me,slang
aaaaa bc man's screaming at me because I preferred the old logo,slang
what a shitty lowlife,slang
nah do they do,slang
aww is happening,slang
yeah why too much blood aaaaahhhhh,slang
lmao twitter,slang
erm we did it,slang
wtf Minecraft is bussin,slang
it felt fitting yeah,slang
wtf but omg Maelo be testing my patience everyday,slang
lol this bloat over,slang
that's hyper,slang
yayyy btw man's screaming at me because I preferred the old logo,slang
what a up in arms bloat,slang
why is this me last year ah,slang
skdkkd why too much blood wuahh,slang
erm thanks dude,slang
skdkkd hes the standard,slang
bro how do people take such up in arms pictures every single day,slang
nooooooooooooooooo I am a bit red,slang
it felt fitting aaaaaah,slang
ah but tbh Maelo be testing my patience everyday,slang
ummm this lowlife over,slang
omg what a lowlife,slang
aww thatll be a no for me,slang
skdkkd atm man's screaming at me because I preferred the old logo,slang
hahahahahahahhahahahshajsahhsahdsajdhajhajhahah why too much blood erm,slang
aaaaa okay this one is tho,slang
aaaaaah ratio,slang
uh I'll add u when I finish making it,slang
ummm twitter,slang
aaaaaah Minecraft is bussin,slang
lol thanks bestie,slang
wth hes the standard,slang
wth I miss u so bad,slang
aaaaaah so cute,slang
buddy how do people take such up in arms pictures every single day,slang
erm the lack of brain cells required to have fucked that up so badly,slang
hmm who did this,slang
heyyyy this vibe over,slang
ah rn man's screaming at me because I preferred the old logo,slang
what a up in arms vibe,slang
ah why too much blood aww,slang
erm okay this one is tho,slang
nooooooooooooooooo thanks dude,slang
heyyyy I miss u so bad,slang
it felt fitting aaaaa,slang
it is good hahahahahahahhahahahshajsahhsahdsajdhajhajhahah,slang
yayyy but fr Maelo be testing my patience everyday,slang
erm this moron over,slang
bc what a moron,slang
nah ok man's screaming at me because I preferred the old logo,slang
what a bomb vibe,slang
nooooooooooooooooo do they do,slang
wuahh why too much blood wth,slang
hahahahahahahhahahahshajsahhsahdsajdhajhajhahah I'll add u when I finish making it,slang
heyyyy Minecraft is bussin,slang
hahahahahahahhahahahshajsahhsahdsajdhajhajhahah thanks one and only,slang
luv how do people take such overhyped pictures every single day,slang
I got watched as I sat in my chair and she made me feel weird atm she asked me so many times I was like do I look sick,slang
aww the lack of brain cells required to have fucked that up so badly,slang
uh who did this,slang
nooooooooooooooooo this vibe over,slang
aaaaa thatll be a no for me,slang
what a bloody shit,slang
aaaaahhhhh why too much blood aaaaaah,slang
yayyy okay this one is tho,slang
nah thanks man,slang
buddy how do people take such bomb pictures every single day,slang
uh the lack of brain cells required to have fucked that up so badly,slang
aww careful with the insults,slang
ah but bc Maelo be testing my patience everyday,slang
nooooooooooooooooo this bloat over,slang
heyyyy btw man's screaming at me because I preferred the old logo,slang
what a sick moron,slang
aaaaaah why too much blood aww,slang
wuahh Minecraft is bussin,slang
skdkkd thanks man,slang
it felt fitting nah,slang
yayyy but omg Maelo be testing my patience everyday,slang
ummm this moron over,slang
tbh what a moron,slang
skdkkd thatll be a no for me,slang
aaaaahhhhh atm man's screaming at me because I preferred the old logo,slang
what a sick cancer,slang
lmao is happening,slang
lol why too much blood skdkkd,slang
hahahahahahahhahahahshajsahhsahdsajdhajhajhahah thanks bro,slang
awww the lack of brain cells required to have fucked that up so badly,slang
yeah but tbh Maelo be testing my patience everyday,slang
ah this vibe over,slang
ok what a vibe,slang
erm btw man's screaming at me because I preferred the old logo,slang
what a in yo face moron,slang
erm why too much blood aaaaahhhhh,slang
ummm ratio,slang
nooooooooooooooooo twitter,slang
ummm Minecraft is bussin,slang
lol I miss u so bad,slang
lol I'm so happy,slang
dude how do people take such shitty pictures every single day,slang
lmao you seeking father figures instead,slang
atm I'm so happy for your family,slang
rn use all ur ids to like dem,slang
what a wicked bloat,slang
hahahahahahahhahahahshajsahhsahdsajdhajhajhahah is happening,slang
aww why too much blood yayyy,slang
aaaaahhhhh thanks bae,slang
one and only how do people take such bomb pictures every single day,slang
for example if its written in English while being Spanish obviously hes salty,slang
aaaaa you seeking father figures instead,slang
pls what a vibe,slang
rn rt,slang
aaaaahhhhh fr man's screaming at me because I preferred the old logo,slang
what a bomb lowlife,slang
yeah why too much blood hahahahahahahhahahahshajsahhsahdsajdhajhajhahah,slang
lmao thanks hun,slang
yayyy I miss u so bad,slang
hun how do people take such hyper pictures every single day,slang
it felt fitting nooooooooooooooooo,slang
they now know rn,slang
aww pls man's screaming at me because I preferred the old logo,slang
what a hyper moron,slang
why is this me last year uh,slang
aaaaa Minecraft is bussin,slang
uh thanks bro,slang
bro how do people take such sick pictures every single day,slang
for example if its written in English while being Spanish obviously hes overhyped,slang
I got watched as I sat in my chair and she made me feel weird pls she asked me so many times I was like do I look sick,slang
wtf but pls Maelo be testing my patience everyday,slang
aaaaaah you seeking father figures instead,slang
pls i'm tired now back to shit posting,slang
rn what a shit,slang
thats pretty hyper,slang
nooooooooooooooooo bc man's screaming at me because I preferred the old logo,slang
what a overhyped shit,slang
erm is happening,slang
yayyy why too much blood lol,slang
skdkkd ratio,slang
aww thanks man,slang
hahahahahahahhahahahshajsahhsahdsajdhajhajhahah hes the standard,slang
bestie how do people take such wicked pictures every single day,slang
aaaaahhhhh but bc Maelo be testing my patience everyday,slang
aww this vibe over,slang
awww bc man's screaming at me because I preferred the old logo,slang
nah why too much blood aaaaa,slang
yeah careful with the insults,slang
nooooooooooooooooo who did this,slang
ok what a moron,slang
wth btw man's screaming at me because I preferred the old logo,slang
what a bomb bloat,slang
heyyyy why too much blood wuahh,slang
wtf thanks luv,slang
man how do people take such up in arms pictures every single day,slang
erm who did this,slang
nooooooooooooooooo but fr Maelo be testing my patience everyday,slang
atm what a cancer,slang
skdkkd tbh man's screaming at me because I preferred the old logo,slang
yeah why too much blood yeah,slang
hahahahahahahhahahahshajsahhsahdsajdhajhajhahah we did it,slang
ummm thanks one and only,slang
it is good wuahh,slang
aaaaahhhhh but btw Maelo be testing my patience everyday,slang
heyyyy this lowlife over,slang
ok what a shit,slang
uh ok man's screaming at me because I preferred the old logo,slang
what a bloody vibe,slang
wuahh why too much blood skdkkd,slang
man how do people take such overhyped pictures every single day,slang
aww who did this,slang
wtf but bc Maelo be testing my patience everyday,slang
uh this bloat over,slang
btw what a bloat,slang
aaaaa ok man's screaming at me because I preferred the old logo,slang
nah why too much blood skdkkd,slang
aaaaaah twitter,slang
nooooooooooooooooo thanks luv,slang
it is good ummm,slang
awww but pls Maelo be testing my patience everyday,slang
skdkkd this bloat over,slang
thats pretty shitty,slang
skdkkd omg man's screaming at me because I preferred the old logo,slang
what a salty shit,slang
why is this me last year hahahahahahahhahahahshajsahhsahdsajdhajhajhahah,slang
uh why too much blood wth,slang
nah okay this one is tho,slang
yayyy ratio,slang
heyyyy thanks bestie,slang
wuahh so cute,slang
bro how do people take such retarded pictures every single day,slang
nah I am a bit red,slang
erm this cancer over,slang
why is this me last year lol,slang
lol why too much blood wth,slang
luv how do people take such in yo face pictures every single day,slang
